file_name,caption
VizWiz_train_00000000.jpg,ITS IS A BASIL LEAVES CONTAINER ITS CONTAINS THE NET WEIGHT TOO.
VizWiz_train_00000000.jpg,A green and white plastic condiment bottle containing Basil leaves.
VizWiz_train_00000000.jpg,Quality issues are too severe to recognize visual content.
VizWiz_train_00000000.jpg,A bottle of spices in a plastic container laying on a surface.
VizWiz_train_00000000.jpg,some basil leaves in a container on a counter
VizWiz_train_00000001.jpg,"A can of Coca Cola on a counter is shown for when one can use a nice, cold drink."
VizWiz_train_00000001.jpg,A black can of Coca Cola Zero calorie soda is on the counter near the coffee maker.
VizWiz_train_00000001.jpg,"A kitchen counter the various items on top including a can of Coca-Cola, metal containers, and a teapot."
VizWiz_train_00000001.jpg,a black tin of Coca Cola placed on a black surface
VizWiz_train_00000001.jpg,"Black counter with canisters, kettle and can of soda."
VizWiz_train_00000002.jpg,"A can of crushed tomatoes are on a brown surface, the tomatoes read crushed tomatoes on the brand."
VizWiz_train_00000002.jpg,A can of crushed tomatoes sitting on a beige colored counter.
VizWiz_train_00000002.jpg,a can of crushed tomatoes in puree from price chopper.
VizWiz_train_00000002.jpg,a Price Chopper branded can of crushed tomatoes
VizWiz_train_00000002.jpg,Image is a can of crushed tomatoes in view.
VizWiz_train_00000003.jpg,A white screen with a captcha that needs to be completed.
VizWiz_train_00000003.jpg,A screenshot of a Captcha code on a phone screen.
VizWiz_train_00000003.jpg,Screenshot from a smartphone with a case insensitive security measure.
VizWiz_train_00000003.jpg,image shows a screenshot of a page required captcha.
VizWiz_train_00000003.jpg,"A screenshot of Spotify page on a cell phone saying click here to start download, showing a captcha that says T36M (case sensitive)."
VizWiz_train_00000004.jpg,A box for a garden light rests in someone's lap.
VizWiz_train_00000004.jpg,A box containing information about a solar garden light product
VizWiz_train_00000004.jpg,A garden book is sitting on a person's lap.
VizWiz_train_00000004.jpg,a box for a solar garden light laying on someone's lap
VizWiz_train_00000004.jpg,A blue and yellow box with lights for the garden inside.
VizWiz_train_00000005.jpg,A person uses a pair of brown hiking boots.
VizWiz_train_00000005.jpg,Two boot encased feet and blue jean clad legs are standing on an off-white floor.
VizWiz_train_00000005.jpg,Someone wearing brown work boots has taken a picture of a white floor.
VizWiz_train_00000005.jpg,Quality issues are too severe to recognize visual content.
VizWiz_train_00000005.jpg,A person's feet wearing brown shoes on a white floor.
VizWiz_train_00000006.jpg,a jug of equate antiseptic mouthwash citrus flavor
VizWiz_train_00000006.jpg,Bottle of orange equate brand antiseptic mouth rinse that is citrus flavored.
VizWiz_train_00000006.jpg,A person is holding a container of orange mouthwash.
VizWiz_train_00000006.jpg,Orange mouthwash waits to be gargled from this bottle.
VizWiz_train_00000006.jpg,An orange and white packet of mouth rinse called equate is seen.
VizWiz_train_00000007.jpg,a fine life monitor cleaning kit from fine life
VizWiz_train_00000007.jpg,An unopened Monitor Cleaning Kit rests in someone's lap.
VizWiz_train_00000007.jpg,A package containing cleaning items to clean a monitor.
VizWiz_train_00000007.jpg,A packaged set of cleaning supplies for a device screen.
VizWiz_train_00000007.jpg,A cleaning kit is shown in plastic packaging on someone's legs
VizWiz_train_00000008.jpg,candy with pink color to eat and enjoy and text appear on the package
VizWiz_train_00000008.jpg,a yellow color cheese is packed in a transparent nylon
VizWiz_train_00000008.jpg,a sachet packaged of Farley' s Orange Slices
VizWiz_train_00000008.jpg,"Tasty, orange, jelly candies are in this bag."
VizWiz_train_00000008.jpg,Plastic bag of Farley's brand orange slice candies.
VizWiz_train_00000009.jpg,A silver cover drain in the middle of a white floor.
VizWiz_train_00000009.jpg,A shower floor has a chrome center for water to leave.
VizWiz_train_00000009.jpg,A sink drain is in the large white sink
VizWiz_train_00000009.jpg,A chrome shower drain with the shadow of the hands of the person taking the picture
VizWiz_train_00000009.jpg,A metal drain cover covering a drain located in a shallow sink.
VizWiz_train_00000010.jpg,A person is holding a white Samsung phone on a bed.
VizWiz_train_00000010.jpg,A white Samsung cell phone in a case
VizWiz_train_00000010.jpg,A wonderful view of the fog windows in the room is very thick
VizWiz_train_00000010.jpg,Caucasian hand holding a white smartphone in front of a blue striped background.
VizWiz_train_00000010.jpg,A person holding a white cell phone in their hand.
VizWiz_train_00000011.jpg,imagine how you would describe this image on the phone to a friend.
VizWiz_train_00000011.jpg,the photographer's hand holding a round bottle with a black lid.
VizWiz_train_00000011.jpg,canned food held by a man's fingers with the thumb visible
VizWiz_train_00000011.jpg,A person holding a food can with the rear of the label facing forward.
VizWiz_train_00000011.jpg,A White man's hand holding a Vitamin Bottle.
VizWiz_train_00000012.jpg,a jvc DVD and vcr remote someone has in their hand
VizWiz_train_00000012.jpg,A JVC Remote Control for a DVD and VCR.
VizWiz_train_00000012.jpg,A gray remote has many buttons  on it
VizWiz_train_00000012.jpg,PERSON HOLDING A TV REMOTE IN THEIR HAND
VizWiz_train_00000012.jpg,A JVC branded remote in a white hand
VizWiz_train_00000013.jpg,I see a can of Dr pepper on the bed
VizWiz_train_00000013.jpg,White can of Thor diet Dr pepper with red writing
VizWiz_train_00000013.jpg,Hairy chest with white  sheet  and a can of  diet Dr pepper
VizWiz_train_00000013.jpg,A can of Dr pepper soda sits on a bed sheet that is covering a person
VizWiz_train_00000013.jpg,A very hairy stomach covered with a blanket with Dr Pepper can on top of it
VizWiz_train_00000014.jpg,The backside of a cough drop package with its nutrition site showing
VizWiz_train_00000014.jpg,the back of a package of halls brand cough drops
VizWiz_train_00000014.jpg,A package of throat lozenges is laying on a table.
VizWiz_train_00000014.jpg,A big bag of halls cough suppressing mints.
VizWiz_train_00000014.jpg,Halls advanced vapor cough drops back panel with directions showing partially.
VizWiz_train_00000015.jpg,someone holding a white fabric of some sort
VizWiz_train_00000015.jpg,Quality issues are too severe to recognize visual content.
VizWiz_train_00000015.jpg,The white t-shirt is on the person and the floor is tiled and marbled like.
VizWiz_train_00000015.jpg,Quality issues are too severe to recognize visual content.
VizWiz_train_00000015.jpg,Quality issues are too severe to recognize visual content.
VizWiz_train_00000016.jpg,Three quarters and a nickel on a wood surface.
VizWiz_train_00000016.jpg,"Two US quarters, a nickel, and a dime, sitting on top of a wooden surface."
VizWiz_train_00000016.jpg,A group of small coins are on top of the table.
VizWiz_train_00000016.jpg,"Two quarters, a nickel, and a dime sitting on a wooden surface."
VizWiz_train_00000016.jpg,Three quarters and one nickel on a wooden table.
VizWiz_train_00000017.jpg,Blear package containing an air freshener that uses purple beads.
VizWiz_train_00000017.jpg,Water beads fill the jar sitting on the table.
VizWiz_train_00000017.jpg,A photo of a jar of purple aroma fragrance spheres on a granite counter top.
VizWiz_train_00000017.jpg,The container is short and squatty and has a white pearl like round top with purple beads.
VizWiz_train_00000017.jpg,an air freshener with clear balls inside of it
VizWiz_train_00000018.jpg,An office room has a TV and a table with papers and a bottle of liquid on it.
VizWiz_train_00000018.jpg,An office or classroom with a TV on a metal AV stand is in the background of a white table with red chair and glass beverage bottle.
VizWiz_train_00000018.jpg,A frosted white and orange glass bottle standing on a table with a glass and bowl.
VizWiz_train_00000018.jpg,Quality issues are too severe to recognize visual content.
VizWiz_train_00000018.jpg,A flat screen TV is sitting on a utility cart near a table.
VizWiz_train_00000019.jpg,Quality issues are too severe to recognize visual content.
VizWiz_train_00000019.jpg,Quality issues are too severe to recognize visual content.
VizWiz_train_00000019.jpg,Quality issues are too severe to recognize visual content.
VizWiz_train_00000019.jpg,Quality issues are too severe to recognize visual content.
VizWiz_train_00000019.jpg,Quality issues are too severe to recognize visual content.
VizWiz_train_00000020.jpg,A copy of Grand theft auto vice city for PlayStation 2.
VizWiz_train_00000020.jpg,"Most of grand theft auto vice, a video game, is shown with the cover of the video game showing a motorcycle in the upper right corner, and an African American man with a gun in the lower right corner, and a few cars on the cover."
VizWiz_train_00000020.jpg,a PlayStation 2 CD pack of Grand Theft Auto
VizWiz_train_00000020.jpg,A case of the game grand theft auto vice city on PlayStation 2 is visible.
VizWiz_train_00000020.jpg,The front of a copy of the Grand Theft Auto Vice City video game.
VizWiz_train_00000021.jpg,Only graphs are visible and nothing more else
VizWiz_train_00000021.jpg,Quality issues are too severe to recognize visual content.
VizWiz_train_00000021.jpg,Quality issues are too severe to recognize visual content.
VizWiz_train_00000021.jpg,Quality issues are too severe to recognize visual content.
VizWiz_train_00000021.jpg,Quality issues are too severe to recognize visual content.
VizWiz_train_00000022.jpg,A can of kidney beans on a kitchen counter.
VizWiz_train_00000022.jpg,A can of Great Value light red kidney beans
VizWiz_train_00000022.jpg,A product tin lead on a white table.
VizWiz_train_00000022.jpg,a white can of canned light red kidney beans
VizWiz_train_00000022.jpg,A great value can of light red kidney beans is on top of the countertop next to the stove.
VizWiz_train_00000023.jpg,A movie container storing the CD for the movie Bridesmaids.
VizWiz_train_00000023.jpg,Movie called Bridesmaids From the producer of Superbad and Knocked up.
VizWiz_train_00000023.jpg,A cover from the movie Bridesmaids which shows four actresses in pink outfits and one actress in a wedding dress.
VizWiz_train_00000023.jpg,A DVD of Bridesmaids shows five women on the cover.
VizWiz_train_00000023.jpg,Bridesmaids DVD cover on top of a tan carpet.
VizWiz_train_00000024.jpg,A person holding up a white piece of paper.
VizWiz_train_00000024.jpg,A hand holding a paper over a black object.
VizWiz_train_00000024.jpg,A person's hand holding a white piece of paper.
VizWiz_train_00000024.jpg,Quality issues are too severe to recognize visual content.
VizWiz_train_00000024.jpg,Pictured is a portion of someone's hand holding a white piece of paper.
VizWiz_train_00000025.jpg,A fluffy grey poodle dog is wearing a shiny metal collar.
VizWiz_train_00000025.jpg,#NAME?
VizWiz_train_00000025.jpg,close up of a grey poodle with a chain collar.
VizWiz_train_00000025.jpg,grey short haired dog from behind with choker leash
VizWiz_train_00000025.jpg,A gray dog looking forward with a silver collar.
VizWiz_train_00000026.jpg,"The photo  is of a bottle of  some sort of sleep  liquid, It is too blurry to make out what the product is."
VizWiz_train_00000026.jpg,"A purple bottle with the word ""sleep"" on the front."
VizWiz_train_00000026.jpg,blue and sparkly bottle with the word sleep written on it
VizWiz_train_00000026.jpg,Front label of an small plastic bottle containing a health and beauty product.
VizWiz_train_00000026.jpg,"A small blue bottle with little sparkles on it and the word ""sleep""."
VizWiz_train_00000027.jpg,Quality issues are too severe to recognize visual content.
VizWiz_train_00000027.jpg,A black box with nothing else in the photo.
VizWiz_train_00000027.jpg,Quality issues are too severe to recognize visual content.
VizWiz_train_00000027.jpg,Quality issues are too severe to recognize visual content.
VizWiz_train_00000027.jpg,Quality issues are too severe to recognize visual content.
VizWiz_train_00000028.jpg,Possibly can being held up to camera above kitchen counter
VizWiz_train_00000028.jpg,Beautiful view from behind the walls hidden under dark mist
VizWiz_train_00000028.jpg,Quality issues are too severe to recognize visual content.
VizWiz_train_00000028.jpg,Close up of blue can with partial image of barcode.
VizWiz_train_00000028.jpg,Quality issues are too severe to recognize visual content.
VizWiz_train_00000029.jpg,Brown and yellow piece of paper on a stove top.
VizWiz_train_00000029.jpg,A brown paper with Raiz El evento on the cover.
VizWiz_train_00000029.jpg,A brown pamphlet is on a white stove.
VizWiz_train_00000029.jpg,A brown flyer with a title and it is on top of a white stove.
VizWiz_train_00000029.jpg,A piece of paper with foreign writing on it sitting on a stove top.
VizWiz_train_00000030.jpg,Quality issues are too severe to recognize visual content.
VizWiz_train_00000030.jpg,Quality issues are too severe to recognize visual content.
VizWiz_train_00000030.jpg,Quality issues are too severe to recognize visual content.
VizWiz_train_00000030.jpg,Quality issues are too severe to recognize visual content.
VizWiz_train_00000030.jpg,Quality issues are too severe to recognize visual content.
VizWiz_train_00000031.jpg,"A certificate showing a flaming torch insignia, with the text ""TOAD Training"""
VizWiz_train_00000031.jpg,A certificate of Toad Training from a university that is not able to be read.
VizWiz_train_00000031.jpg,A piece of paper with a torch on it and a name tag.
VizWiz_train_00000031.jpg,A sheet of paper that has a logo on it and the words Toad Training.
VizWiz_train_00000031.jpg,A flyer for Toad Training sponsored by a university
VizWiz_train_00000032.jpg,"POV of a person looking at a living room with a coffee table, TV, and dining table with chairs"
VizWiz_train_00000032.jpg,Quality issues are too severe to recognize visual content.
VizWiz_train_00000032.jpg,"a boot on a table with a purple cup and tupperware bowl, chairs, a clock and a TV"
VizWiz_train_00000032.jpg,A person's left foot on a wooden table with a room with a TV and a dining room in the background
VizWiz_train_00000032.jpg,A book sitting on a table with a purple cup and a clock on the wall that reads 4:05
VizWiz_train_00000033.jpg,A bottle of medicine setting on a stone countertop
VizWiz_train_00000033.jpg,A plastic bottle of pills that are for pain.
VizWiz_train_00000033.jpg,A bottle of medication in a turquoise container is sitting on a bathroom counter.
VizWiz_train_00000033.jpg,a small bottle of medicines are on top of a white counter
VizWiz_train_00000033.jpg,A bottle of pain medication is on a counter top.
VizWiz_train_00000034.jpg,the top of a bag of brand new socks
VizWiz_train_00000034.jpg,A clear bag of socks is sealed with a Ziploc.
VizWiz_train_00000034.jpg,Reusable clear plastic package of white men's socks.
VizWiz_train_00000034.jpg,"Resealable plastic packaging, unable to see what the actual product is"
VizWiz_train_00000034.jpg,The socks are packaged in a clear plastic resealable bag with green and blue parts at the top with white lettering.
VizWiz_train_00000035.jpg,A computer screen has a blue background and has open on it.
VizWiz_train_00000035.jpg,A blue screen is present on a monitor.
VizWiz_train_00000035.jpg,A cell phone has a bright blue screen displayed.
VizWiz_train_00000035.jpg,Quality issues are too severe to recognize visual content.
VizWiz_train_00000035.jpg,an image that is blue in color and looks like a screen.
VizWiz_train_00000036.jpg,IMAGE IS TOO BLUR HARD TO UNDERSTAND THE IMAGE
VizWiz_train_00000036.jpg,Quality issues are too severe to recognize visual content.
VizWiz_train_00000036.jpg,Quality issues are too severe to recognize visual content.
VizWiz_train_00000036.jpg,Quality issues are too severe to recognize visual content.
VizWiz_train_00000036.jpg,Quality issues are too severe to recognize visual content.
VizWiz_train_00000037.jpg,A wireless keyboard for a mac computer next to a bowers & Wilkins speaker.
VizWiz_train_00000037.jpg,"A speaker, keyboard and computer sit on a desktop"
VizWiz_train_00000037.jpg,The electronic device says Bowers Wilkins on it and in the distance is a large computer monitor.
VizWiz_train_00000037.jpg,a computer set up  and a bag on a desk.
VizWiz_train_00000037.jpg,"A computer keyboard and monitor is shown with 2 black and silver Bowers & Wilkins speakers, and a black, red, and white zippered case in the background."
VizWiz_train_00000038.jpg,The corner of a black display screen sitting on top of a wooden surface.
VizWiz_train_00000038.jpg,A black tablet is resting on a wood table top.
VizWiz_train_00000038.jpg,Quality issues are too severe to recognize visual content.
VizWiz_train_00000038.jpg,The corner of a black device sitting on a wooden table.
VizWiz_train_00000038.jpg,A peace of glass keep on the table shown in the image.
VizWiz_train_00000039.jpg,Italian cuisine style dressing and seasoning mix packet
VizWiz_train_00000039.jpg,"a sachet of Hidden Valley, FARMHOUSE ORIGINALS, HOMESTYLE ITALIAN"
VizWiz_train_00000039.jpg,A packet of dry Hidden Valley Italian salad dressing.
VizWiz_train_00000039.jpg,TABLE ON PACKED SNACK ITEM FOR EAT  FOR ENTERTAINMENT
VizWiz_train_00000039.jpg,A package of Hidden Valley Italian dressing and seasoning mix.
VizWiz_train_00000040.jpg,Bar code that appears to be off of a piece of mail or package.
VizWiz_train_00000040.jpg,barcode on a shipping label with blue ink star
VizWiz_train_00000040.jpg,An airmail envelope with a bar code on it.
VizWiz_train_00000040.jpg,The blue mark is on the label by the bar code.
VizWiz_train_00000040.jpg,Partial image of an air bill used for shipping
VizWiz_train_00000041.jpg,Quality issues are too severe to recognize visual content.
VizWiz_train_00000041.jpg,Jack Link's Beef Jerky with a desiccant packet showing through the window.
VizWiz_train_00000041.jpg,A small bag of Jack Link's beef jerky
VizWiz_train_00000041.jpg,A black package of jack links beef jerky.
VizWiz_train_00000041.jpg,Front of a package of some kind of beef jerky.
VizWiz_train_00000042.jpg,Quality issues are too severe to recognize visual content.
VizWiz_train_00000042.jpg,Quality issues are too severe to recognize visual content.
VizWiz_train_00000042.jpg,Quality issues are too severe to recognize visual content.
VizWiz_train_00000042.jpg,White wood door on the left which is becoming more blurry to the right
VizWiz_train_00000042.jpg,A white sheet with folds and creases in the material
VizWiz_train_00000043.jpg,a container of apple pie spice containing ginger cinnamon and nutmeg
VizWiz_train_00000043.jpg,Label on container for natural apple pie spice
VizWiz_train_00000043.jpg,A plastic container that contains apple pie spice with a white and yellow label.
VizWiz_train_00000043.jpg,"A jar of ""Apple Pie Spice"" comprised of a zesty blend of ginger, cinnamon, and nutmeg."
VizWiz_train_00000043.jpg,A container / package that contains various goods / edible / liquid items.
VizWiz_train_00000044.jpg,Heinz rice and chicken frozen TV dinner  In a purple box
VizWiz_train_00000044.jpg,Beautiful view from behind the walls hidden under dark mist
VizWiz_train_00000044.jpg,a box of Weight Watchers brand sweet and sour chicken
VizWiz_train_00000044.jpg,A Weight Watchers boxed dinner of Sweet & Sour chicken on a counter.
VizWiz_train_00000044.jpg,A ready to microwave meal of Sweet and sour chicken.
VizWiz_train_00000045.jpg,A pretty blue color with lighter blue on the left side.
VizWiz_train_00000045.jpg,"A cloudless blue sky, as seen looking up."
VizWiz_train_00000045.jpg,Quality issues are too severe to recognize visual content.
VizWiz_train_00000045.jpg,"A blue screen, not sure if it is a sky or a piece of blue paper."
VizWiz_train_00000045.jpg,blue sky without any clouds or anything in the sky at all completely clear
VizWiz_train_00000046.jpg,Quality issues are too severe to recognize visual content.
VizWiz_train_00000046.jpg,A hand holding a food container showing the nutrition label
VizWiz_train_00000046.jpg,hand holds a can of food with label ingredients facing forward
VizWiz_train_00000046.jpg,Someone is holding a can of food over a light colored linoleum floor
VizWiz_train_00000046.jpg,"The nutrition label of a canned food item, unclear what it is"
VizWiz_train_00000047.jpg,The back of a DVD case for the movie Hidden Figures.
VizWiz_train_00000047.jpg,"A DVD box of the movie 'The Help', showing the back side of the box."
VizWiz_train_00000047.jpg,DVD case for the motion picture film The Help.
VizWiz_train_00000047.jpg,a yellow and black movie description most likely a DVD case with blue jeans in the background
VizWiz_train_00000047.jpg,A DVD case sitting on someone's lap who is wearing jeans.
VizWiz_train_00000048.jpg,a Hulk toy action figure on a carpet area
VizWiz_train_00000048.jpg,Green action figure of the Incredible Hulk lying on a brown carpet
VizWiz_train_00000048.jpg,Green plastic hulk toy that has purple pants on a carpeted floor
VizWiz_train_00000048.jpg,A toy of the Hulk wearing purple pants is on the carpet.
VizWiz_train_00000048.jpg,An incredible hulk action figure laying on brown carpet
VizWiz_train_00000049.jpg,A Kirkland water bottle is sitting on a counter.
VizWiz_train_00000049.jpg,A bottle of water sitting on a desk with a sheet of paper and a multi outlet power cord behind it.
VizWiz_train_00000049.jpg,Pictured is a bottle of water on a beige work desk.
VizWiz_train_00000049.jpg,A bottle of Kirkland water sits on a desk with a power strip and apple charger alongside it along with a white sheet of paper
VizWiz_train_00000049.jpg,A 16 ounce Kirkland brand bottle of purified water
VizWiz_train_00000050.jpg,A plastic container of a dairy product with the seal on.
VizWiz_train_00000050.jpg,an image of a person holding a plastic container that is blue in color
VizWiz_train_00000050.jpg,The nutrition facts for the food are on the back of the packaging.
VizWiz_train_00000050.jpg,Hand holding a Dr Oetker brand cylindrical food package
VizWiz_train_00000050.jpg,A person is holding a package in their hand.
VizWiz_train_00000051.jpg,Quality issues are too severe to recognize visual content.
VizWiz_train_00000051.jpg,Quality issues are too severe to recognize visual content.
VizWiz_train_00000051.jpg,tube package of a substance that is orange blue and white
VizWiz_train_00000051.jpg,A person holding up a food item with a blue and orange label in a grocery store.
VizWiz_train_00000051.jpg,some sort of cream that someone is holding
VizWiz_train_00000052.jpg,"A package of USDA Choice Beef Sirloin Steaks, containing four six-ounce steaks."
VizWiz_train_00000052.jpg,A box of USDA choice beef sirloin steak is on a counter.
VizWiz_train_00000052.jpg,A photo of Schwan's USDA choice Beef Sirloin steaks.
VizWiz_train_00000052.jpg,A box of four 6 oz USDA sirloin steaks.
VizWiz_train_00000052.jpg,some sort of USDA choice beef sirloin steaks meant to eat
VizWiz_train_00000053.jpg,A card with objects symbolizing the number nine placed near the edge of a wooden table
VizWiz_train_00000053.jpg,A trading card is lying on top of a wooden table.
VizWiz_train_00000053.jpg,Nine wands tarot card with a picture of nine wands over fire.
VizWiz_train_00000053.jpg,"A playing card showing ""nine wands"" is on a wooden surface."
VizWiz_train_00000053.jpg,A tarot card labeled nine on top and wands on the bottom with a picture of nine wands in the middle.
VizWiz_train_00000054.jpg,"A character from the cartoon Beavis and Butthead is standing in front of a desk in a classroom with his arms raised up and his blue shirt with Metallica printed on it, pulled up over his head like a hood."
VizWiz_train_00000054.jpg,Beavis from Beavis and b*** h*** with a shirt over top of his head standing in a classroom
VizWiz_train_00000054.jpg,A cartoon character named Beavis from the MTV show Beavis and Butthead.
VizWiz_train_00000054.jpg,Cartoon character standing in front of a school desk wearing a blue shirt which is partially pulled over the back of his head while he has his hands in the air and his mouth open with a partial smile.
VizWiz_train_00000054.jpg,A cartoon character with a blue t-shirt pulled over his head.
VizWiz_train_00000055.jpg,"A white, cylinder jar of something laying horizontal on a table."
VizWiz_train_00000055.jpg,imagine how you would describe this image on the phone to a friend.
VizWiz_train_00000055.jpg,A container of ointment or medicine with a price tag on it
VizWiz_train_00000055.jpg,some sort of container with stuff in it  is closed
VizWiz_train_00000055.jpg,A white plastic container with writing on it rests on its side.
VizWiz_train_00000056.jpg,"a gold, green and red women's handbag with a black handle"
VizWiz_train_00000056.jpg,a floral carpeted handbag on a wood surface
VizWiz_train_00000056.jpg,A green and red floral patterned handbag with black straps
VizWiz_train_00000056.jpg,a fabric bag featuring a floral pattern and black handles
VizWiz_train_00000056.jpg,"A large, vintage, flower-patterned bag with black handles."
VizWiz_train_00000057.jpg,A keyboard for a personal Computer desk setup.
VizWiz_train_00000057.jpg,Apple wireless keyboard with white keys on it
VizWiz_train_00000057.jpg,A view of a computer keyboard with white keys.
VizWiz_train_00000057.jpg,The item is long and is used to hook up to a computer and you use your fingers to operate it.
VizWiz_train_00000057.jpg,"A Keyboard we use the mostly and in the alphabets and the special keys, Toggle keys characters etc."
VizWiz_train_00000058.jpg,The nutritional facts panel  and ups code on a brown bottle
VizWiz_train_00000058.jpg,Close up of Nutrition Facts on the Side of a Label
VizWiz_train_00000058.jpg,A jar of something with the label of nutrition showing.
VizWiz_train_00000058.jpg,A plastic bottle with the back label of some sort of chocolate drink
VizWiz_train_00000058.jpg,The nutrition label on a bottle of something.
VizWiz_train_00000059.jpg,"Large stuffed Winnie the Pooh with a shirt that reads ""pooh"""
VizWiz_train_00000059.jpg,A close up of a winnie the pooh beard wearing a small red shirt that says Pooh on it.
VizWiz_train_00000059.jpg,A large stuffed animal is on top of the bed.
VizWiz_train_00000059.jpg,A teddy bear toy in blown sleeping with a pillow
VizWiz_train_00000059.jpg,"A large stuffed bear wearing a shirt that reads ""Pooh"" is propped against a pillow."
VizWiz_train_00000060.jpg,Purple bag of food laying flat face down with food label showing
VizWiz_train_00000060.jpg,the back of a plastic bag of food
VizWiz_train_00000060.jpg,The back of a package of a food item is displayed.
VizWiz_train_00000060.jpg,Microwavable food in a purple bag with cooking and nutritional information on bag.
VizWiz_train_00000060.jpg,A package of food is lying on a table.
VizWiz_train_00000061.jpg,Beautiful view from behind the walls hidden under dark mist
VizWiz_train_00000061.jpg,A bag of blue corn tortilla chips by the brand Garden of Eatin'.
VizWiz_train_00000061.jpg,A bag of Garden of Eatin brand blue corn organic tortilla chips.
VizWiz_train_00000061.jpg,"A bag of blue corn tortilla chips, with a mostly blue, tan and white color scheme."
VizWiz_train_00000061.jpg,Front of bag of blue corn tortilla chips from the Garden of Eatin'.
VizWiz_train_00000062.jpg,A red Hello Kitty button is laying on a table.
VizWiz_train_00000062.jpg,A red Hello Kitty toy sits on a brown wooden table.
VizWiz_train_00000062.jpg,An objected depicting a red cat with a white face and purple bow.
VizWiz_train_00000062.jpg,A red Hello Kitty box on a wood table.
VizWiz_train_00000062.jpg,A child's toy Hello Kitty is on a table.
VizWiz_train_00000063.jpg,Two shelves with books and picture frames set atop
VizWiz_train_00000063.jpg,Two shelves on the wall with books on them.
VizWiz_train_00000063.jpg,A pink mounted shelf with books and pictures on it
VizWiz_train_00000063.jpg,"A shelving unit is shown, filled with various books, pictures, and a speaker."
VizWiz_train_00000063.jpg,"A shelf with several household items including books, a speaker, and CDs."
VizWiz_train_00000064.jpg,A carton of Breyer's French Vanilla ice cream on a kitchen counter.
VizWiz_train_00000064.jpg,A carton of Breyers vanilla ice cream on a counter.
VizWiz_train_00000064.jpg,A blue Breyers vanilla ice cream carton on top of a countertop.
VizWiz_train_00000064.jpg,Box of Breyers brand classic vanilla ice cream.
VizWiz_train_00000064.jpg,A blue and black container of French Vanilla flavored Breyers ice cream with a bottle of Palmolive dish soap in the background.
VizWiz_train_00000065.jpg,This looks like an easy mac n cheese recipe.
VizWiz_train_00000065.jpg,Quality issues are too severe to recognize visual content.
VizWiz_train_00000065.jpg,A close up of instructions for how to cook food with a keyboard in the background.
VizWiz_train_00000065.jpg,A Tupperware type bowl still in its package is on a desk in front of a computer keyboard.
VizWiz_train_00000065.jpg,Instructions on how to prepare a food product are displayed on the back of the food item itself.
VizWiz_train_00000066.jpg,appears to be a picture of a box of food
VizWiz_train_00000066.jpg,A box containing the description of some product with some symbol
VizWiz_train_00000066.jpg,A box that is green and white on the table.
VizWiz_train_00000066.jpg,The ingredients list on the back of a box of food.
VizWiz_train_00000066.jpg,White box with green writing nutritional and ingredient label side up.
VizWiz_train_00000067.jpg,There appears to be a light natural colored wood grain table with an opened food type package on the surface.
VizWiz_train_00000067.jpg,A bag that is white is on the table.
VizWiz_train_00000067.jpg,a small bag of chips on top of a table
VizWiz_train_00000067.jpg,A bag of Uncle Ray's plain potato chips
VizWiz_train_00000067.jpg,The back of an Uncle Ray's chip packet showing some of the nutritional facts and some text about persuasiveness.
VizWiz_train_00000068.jpg,Quality issues are too severe to recognize visual content.
VizWiz_train_00000068.jpg,"person at the bottom with purple clothes, apparently seated."
VizWiz_train_00000068.jpg,Quality issues are too severe to recognize visual content.
VizWiz_train_00000068.jpg,Quality issues are too severe to recognize visual content.
VizWiz_train_00000068.jpg,Quality issues are too severe to recognize visual content.
VizWiz_train_00000069.jpg,A tin can of chili is on the ledge near a dish.
VizWiz_train_00000069.jpg,The kitchen counter has a can of Manwich right next to the sink.
VizWiz_train_00000069.jpg,a closed can of manwich meat with a red and orange label
VizWiz_train_00000069.jpg,A can of food product sitting on a table in front of a window.
VizWiz_train_00000069.jpg,a bunch of containers and a silver steel bowl on the counter
VizWiz_train_00000070.jpg,Quality issues are too severe to recognize visual content.
VizWiz_train_00000070.jpg,Black background with a Blue box with writing in box; Appears to be a from a dashboard in car but not sure
VizWiz_train_00000070.jpg,A screen that is showing the frequency and audio mode that the device is set to.
VizWiz_train_00000070.jpg,A bright display saying something about FREDQUENCY's and AUDIO MODE.
VizWiz_train_00000070.jpg,Quality issues are too severe to recognize visual content.
VizWiz_train_00000071.jpg,A carton of ultra pasteurized coffee creamer from the brand Publix.
VizWiz_train_00000071.jpg,A pint of generic coffee creamer on a wood surface.
VizWiz_train_00000071.jpg,A box of coffee creamer from the Publix store brand.
VizWiz_train_00000071.jpg,A white box with ultra pasteurized coffee creamer written on it
VizWiz_train_00000071.jpg,A Publix coffee creamer in its packaging on a wood table.
VizWiz_train_00000072.jpg,Side of a can of food that has partial heating ingredients list on it.
VizWiz_train_00000072.jpg,Canned food item sitting on a counter surface.
VizWiz_train_00000072.jpg,the side of a can of some food with a red and green label
VizWiz_train_00000072.jpg,A can of soup is on top of a table.
VizWiz_train_00000072.jpg,A large red can with a green label with yellow sign
VizWiz_train_00000073.jpg,The front side of a golden premiere cough drop plastic bag
VizWiz_train_00000073.jpg,A bag of cough drops is in someone's hand.
VizWiz_train_00000073.jpg,a yellow bag of premier value brand honey lemon cough drops
VizWiz_train_00000073.jpg,A package of Premier Value Cough Drops Menthol Eucalyptus
VizWiz_train_00000073.jpg,Someone is holding a bag of lemon cough drops while sitting next to their dog.
VizWiz_train_00000074.jpg,Quality issues are too severe to recognize visual content.
VizWiz_train_00000074.jpg,A bottle of tomato sauce is on a red checkered tablecloth.
VizWiz_train_00000074.jpg,A jar of pasta sauce is lying on a red checkered tablecloth.
VizWiz_train_00000074.jpg,Front label of a bottle containing a red sauce.
VizWiz_train_00000074.jpg,a can of cisco favorite tomatoes in a jar
VizWiz_train_00000075.jpg,the back of a can of food showing nutritional information
VizWiz_train_00000075.jpg,A red can with some type of text or ingredients on it.
VizWiz_train_00000075.jpg,a red can of some type of food in front of a kitchen table
VizWiz_train_00000075.jpg,A person's hand is holding a can of food with a red label.
VizWiz_train_00000075.jpg,A table with a tablecloth on it and kitchen chairs is behind a can with a red label on it.
VizWiz_train_00000076.jpg,Quality issues are too severe to recognize visual content.
VizWiz_train_00000076.jpg,Quality issues are too severe to recognize visual content.
VizWiz_train_00000076.jpg,Quality issues are too severe to recognize visual content.
VizWiz_train_00000076.jpg,Metal object with black handle and white and gray object on the right.
VizWiz_train_00000076.jpg,Quality issues are too severe to recognize visual content.
VizWiz_train_00000077.jpg,A drinking punch juice inside a metallic wrapping.
VizWiz_train_00000077.jpg,A minute maid cooler pouch of pink lemonade
VizWiz_train_00000077.jpg,A Minute Maid cooler sits upon a desk that also contains a computer and keyboard.
VizWiz_train_00000077.jpg,A minute maid coolers sitting on a desk.
VizWiz_train_00000077.jpg,Pictured is a minute maid cooler on a table near a keyboard.
VizWiz_train_00000078.jpg,A can of mountain dew is open and on a floor.
VizWiz_train_00000078.jpg,"An open soda can is sitting on a table, in front of a door."
VizWiz_train_00000078.jpg,A regular sized can of Mountain Dew missing it's pull tab.
VizWiz_train_00000078.jpg,A can of Mountain Dew with the tab opener removed.
VizWiz_train_00000078.jpg,Image contain a partial part of a mountain dew cane.
VizWiz_train_00000079.jpg,A black swimming cap from the brand Speedo on a light brown cushion.
VizWiz_train_00000079.jpg,"A black vinyl speedo piece, possibly a swimming cap."
VizWiz_train_00000079.jpg,a black speedo swimming cap showing the logo
VizWiz_train_00000079.jpg,A  shiny black Speedo  swimming cap on a cloth with green stripes and pink and green flowers.
VizWiz_train_00000079.jpg,A black Speedo swim cap sitting on a floral surface.
VizWiz_train_00000080.jpg,A leg with black jeans a black and white shoes.
VizWiz_train_00000080.jpg,A leg with black pants and a blue and white shoe.
VizWiz_train_00000080.jpg,A picture of someone's foot with a grey shoe on.
VizWiz_train_00000080.jpg,"A pants leg with a pair of sneakers at the end, shoelace tied."
VizWiz_train_00000080.jpg,a persons leg wearing black pants and a grey shoe next to a couch.
VizWiz_train_00000081.jpg,A bedside table with a lamp and alarm clock present.
VizWiz_train_00000081.jpg,A lamp is on a side table with baby wipes and an answering machine.
VizWiz_train_00000081.jpg,"A lamp, a block, some baby wipes, and some other items on a bed stand"
VizWiz_train_00000081.jpg,A lamp is illuminating a side table by a bed
VizWiz_train_00000081.jpg,"A lit lamp, eye drops and wipes are on a night stand."
VizWiz_train_00000082.jpg,a person holding a Chinese spicy mustard bottle
VizWiz_train_00000082.jpg,appears to be a picture of a can of mustard seasoning
VizWiz_train_00000082.jpg,A container of yellow Chinese style mustard in a bottle.
VizWiz_train_00000082.jpg,A bottle labeled Chinese style mustard along with more information written below.
VizWiz_train_00000082.jpg,Two hands holding a mustard bottle next to some flowery trays.
VizWiz_train_00000083.jpg,A television on top of a brown coffee table
VizWiz_train_00000083.jpg,"An entertainment center with a Sony TV sitting on top of it with DVDs, remotes, and a receiver."
VizWiz_train_00000083.jpg,A view of a flat screen TV setting on a table with glass doors.
VizWiz_train_00000083.jpg,A flat screen TV sitting on an entertainment center.
VizWiz_train_00000083.jpg,A flat screen TV standing on a wooden entertainment center
VizWiz_train_00000084.jpg,On a front porch near the stairs is a bag of feed and a cleaning solution in a bottle.
VizWiz_train_00000084.jpg,A bed and a oil can is on the portion of the house with  white steps.
VizWiz_train_00000084.jpg,"A outdoor patio desk with white fencing, basil growing, and trees in the background"
VizWiz_train_00000084.jpg,"A tan porch with a chair with a green cushion, there is a planter on a table, a white railing and a set of stairs that descend."
VizWiz_train_00000084.jpg,An outlook over a patio with lush trees sitting in the back yard.
VizWiz_train_00000085.jpg,A black coffee maker plugged in on an at home kitchen counter next to a drying rack
VizWiz_train_00000085.jpg,A black coffee maker is in the kitchen
VizWiz_train_00000085.jpg,A black coffee maker is on a brown surface.
VizWiz_train_00000085.jpg,an empty black coffee maker sitting on a white counter top plugged in
VizWiz_train_00000085.jpg,A black drip coffee maker sitting on a counter.
VizWiz_train_00000086.jpg,"A light gray, cotton like fabric unable to tell what the fabric is supposed to be a part of."
VizWiz_train_00000086.jpg,A grey t-shirt is held up and wrinkled.
VizWiz_train_00000086.jpg,A grey colored piece of clothing on a red background.
VizWiz_train_00000086.jpg,Quality issues are too severe to recognize visual content.
VizWiz_train_00000086.jpg,image shows a wrapped ash color bed sheet.
VizWiz_train_00000087.jpg,A picture of sunny sky with no other objects to mention.
VizWiz_train_00000087.jpg,Quality issues are too severe to recognize visual content.
VizWiz_train_00000087.jpg,Quality issues are too severe to recognize visual content.
VizWiz_train_00000087.jpg,Quality issues are too severe to recognize visual content.
VizWiz_train_00000087.jpg,Quality issues are too severe to recognize visual content.
VizWiz_train_00000088.jpg,"A very wonderful view and worth seeing at all times, my friend"
VizWiz_train_00000088.jpg,"A Mini Aquarium box rests upon a person's legs, who is wearing green shorts."
VizWiz_train_00000088.jpg,A person is sitting down and has a toy box in their lap.
VizWiz_train_00000088.jpg,a blue box for a device that is set on someone's lap
VizWiz_train_00000088.jpg,A person wearing green shorts holding a toy package.
VizWiz_train_00000089.jpg,Hand holding a small bottle of medication with a green cap
VizWiz_train_00000089.jpg,A small bottle of Tylenol or allergy medicine with a green top
VizWiz_train_00000089.jpg,Back of a medicine bottle showing fine print precautions.
VizWiz_train_00000089.jpg,"The back of a bottle of medication, white with a light green cap."
VizWiz_train_00000089.jpg,The back text on a white bottle with a green top.
VizWiz_train_00000090.jpg,appears to be a picture of a counter
VizWiz_train_00000090.jpg,A counter top that has several storage containers on it.
VizWiz_train_00000090.jpg,Glass food containers resting on multicolored granite counter top.
VizWiz_train_00000090.jpg,"A marble kitchen counter, three jars of spices on the left, a tall jar of spaghetti noodles on the right."
VizWiz_train_00000090.jpg,"Kitchen counter and brown cabinets above, part of a black stove, and glass canisters with of five foods."
VizWiz_train_00000091.jpg,A house has a car in the driveway and it is sunny outside.
VizWiz_train_00000091.jpg,a white and tan two story house with a tree in the front yard under a blue sky
VizWiz_train_00000091.jpg,The front of two houses with four antenna towers in the background.
VizWiz_train_00000091.jpg,A two story house with a tree in the yard.
VizWiz_train_00000091.jpg,A landscape of a neighborhood with a two story house and a tree right in front of it along with a driveway
VizWiz_train_00000092.jpg,"Cars line the curved, tree-lined street in front of the buildings."
VizWiz_train_00000092.jpg,"A neighborhood with a park in the center of it and buildings surrounding around and cars on the code, after a rainstorm."
VizWiz_train_00000092.jpg,A line of cars is right up against the table.
VizWiz_train_00000092.jpg,"a courtyard surrounded by buildings, with trees and well groomed grass"
VizWiz_train_00000092.jpg,Large trees overlook cars parked on a street.
VizWiz_train_00000093.jpg,An open toolbox has a paperback book and an analog phone on it.
VizWiz_train_00000093.jpg,A lot of loose silver tools sitting in front of a white phone
VizWiz_train_00000093.jpg,A book is in a toolkit with many items
VizWiz_train_00000093.jpg,A book sits next to a phone and on top of a box holding many items.
VizWiz_train_00000093.jpg,"A lot of miscellaneous things in picture, metal socket set, book or magazine, cord, and other things."
VizWiz_train_00000094.jpg,A plastic spray bottle of Clorox all purpose cleaner.
VizWiz_train_00000094.jpg,A blue bottle of Clorox cleaner turned to the direction and warning labels.
VizWiz_train_00000094.jpg,A hand holding a spray bottle of some type of cleaner while showing the back label of the product.
VizWiz_train_00000094.jpg,A hand holding a blue and white Clorox cleaning solution.
VizWiz_train_00000094.jpg,some type of clorox or windex that can be primarily used to clean stuff
VizWiz_train_00000095.jpg,I see a tube of lotion on the table that is white
VizWiz_train_00000095.jpg,A packed intervene  is placed next to a round ring  on a brown surface.
VizWiz_train_00000095.jpg,"A tube of lotion is laying on a brown fabric surface, next to a brown bracelet."
VizWiz_train_00000095.jpg,A bottle of lotion is right on top of the bed.
VizWiz_train_00000095.jpg,A hairband or bracelet and a little silver plastic bottle that looks like it holds some kind of beauty product.
VizWiz_train_00000096.jpg,the back of a blue bottle of shampoo of conditioner
VizWiz_train_00000096.jpg,The back of a blue bottle which displays instructions and ingredients.
VizWiz_train_00000096.jpg,The back of a bottle of Herbal Essences conditioner
VizWiz_train_00000096.jpg,The back of a lotion or shampoo bottle.
VizWiz_train_00000096.jpg,A person's hand holds a plastic bottle with a blue hygiene product inside with a wooden desk covered with a keyboard and papers in the background.
VizWiz_train_00000097.jpg,An empty plastic bottle of Nestle Pure Life purified water.
VizWiz_train_00000097.jpg,An empty bottle of Nestle pure life water
VizWiz_train_00000097.jpg,An empty plastic bottle of Nestle Pure Life drink
VizWiz_train_00000097.jpg,Empty water bottle with some type of gritty looking substance all over inside of the bottle walls.
VizWiz_train_00000097.jpg,An empty plastic bottle of water with a blue label.
VizWiz_train_00000098.jpg,A book opened up about some type of contract law.
VizWiz_train_00000098.jpg,a opened book containing various texts upside down.
VizWiz_train_00000098.jpg,A book that is open to a page about Delhi
VizWiz_train_00000098.jpg,black text on white page inside of a guide or instruction book.
VizWiz_train_00000098.jpg,An open book filled with information about a case
VizWiz_train_00000099.jpg,The front of a plastic spice container of steak seasoning.
VizWiz_train_00000099.jpg,appears to be a picture of a far of seasoning
VizWiz_train_00000099.jpg,A bottle of seasoning sitting on a marble granite counter.
VizWiz_train_00000099.jpg,Container of Omaha Steaks brand seasoning for beef
VizWiz_train_00000099.jpg,A bottle of Steak Seasonings from Omaha Steaks with a black and red label with white lettering.
VizWiz_train_00000100.jpg,"A bag of some kind of chips, showing the back and some of the nutrition facts."
VizWiz_train_00000100.jpg,The back of a red bag of all natural whole grain snack chips.
VizWiz_train_00000100.jpg,A red bag of snacks made out of whole grain.
VizWiz_train_00000100.jpg,A bag of all natural gluten free popcorn.
VizWiz_train_00000100.jpg,the backside of a red bag of snacks
VizWiz_train_00000101.jpg,some kind of crazy looking cartoon cat with huge bulging crossed eyes
VizWiz_train_00000101.jpg,A yellow book with a wacky cat with green eyes is sitting on top of a red and blue blanket.
VizWiz_train_00000101.jpg,A card with a crazy cat face on it with big eyes.
VizWiz_train_00000101.jpg,A cartoon picture of a cat with very exaggerated green eyes
VizWiz_train_00000101.jpg,An image of a cartoon cat with large green eyes.
VizWiz_train_00000102.jpg,The underside of a fabric clothing with a blue design on it
VizWiz_train_00000102.jpg,A stitched insignia on a gray sweater depicts two men walking through the snow.
VizWiz_train_00000102.jpg,An embroidered picture on a sweater of two men.
VizWiz_train_00000102.jpg,A gray piece of fabric has a blue logo
VizWiz_train_00000102.jpg,On a gray sweater is a blue embroidered logo.
VizWiz_train_00000103.jpg,Foreign currency  of 100 laid on a sheet with animals on it.
VizWiz_train_00000103.jpg,A 100 bill folded in a particular way to show a picture.
VizWiz_train_00000103.jpg,A currency of 100 is placed on a towel on the table.
VizWiz_train_00000103.jpg,A foreign 100 unit paper bank note serial number BW4547112.
VizWiz_train_00000103.jpg,I am looking at a picture of some money with the number 100 in the upper left hand corner and on the right side of the bill.
VizWiz_train_00000104.jpg,A yellow mark on top of a coffee table with coffee in it
VizWiz_train_00000104.jpg,Appears to  be a picture of a yellow cup
VizWiz_train_00000104.jpg,a yellow color ceramic mug is placed on a black table
VizWiz_train_00000104.jpg,A yellow coffee cup with a yellow wallet and phone next to it.
VizWiz_train_00000104.jpg,"A outdoor patio with a coffee mug, wallet, and remote control sitting on top of the patio table"
VizWiz_train_00000105.jpg,a white colored iPad placed on a wooden surface
VizWiz_train_00000105.jpg,the edge of an iPad showing its power button
VizWiz_train_00000105.jpg,White Apple iPad on a multi colored wooden counter top.
VizWiz_train_00000105.jpg,A black color thing with white frame is on the floor.
VizWiz_train_00000105.jpg,White tablet in off mode sitting on top of two tables next to each other.
VizWiz_train_00000106.jpg,White man with a short beard wearing a black shirt
VizWiz_train_00000106.jpg,Quality issues are too severe to recognize visual content.
VizWiz_train_00000106.jpg,A picture of a man wearing a black shirt with a hairy neck.
VizWiz_train_00000106.jpg,Quality issues are too severe to recognize visual content.
VizWiz_train_00000106.jpg,The collar of a shirt worn by a person with facial hair
VizWiz_train_00000107.jpg,A picture of someone holding a pill bottle.
VizWiz_train_00000107.jpg,a person's hand holding a bottle of medicine
VizWiz_train_00000107.jpg,A person holds a green vitamin bottle in their hand.
VizWiz_train_00000107.jpg,Quality issues are too severe to recognize visual content.
VizWiz_train_00000107.jpg,a green and yellow bottle of supplements with the back label text partially visible
VizWiz_train_00000108.jpg,A green box of tissue paper on a wooden table.
VizWiz_train_00000108.jpg,I see a box of tissue that is green
VizWiz_train_00000108.jpg,A wonderful view of the fog windows in the room is very thick
VizWiz_train_00000108.jpg,A box of tissues is placed on wooden counter.
VizWiz_train_00000108.jpg,Pictured is a green box of tissues on a brown desk.
VizWiz_train_00000109.jpg,A chessboard is on a table and there are some black pieces missing
VizWiz_train_00000109.jpg,a draughts game board was placed on a white surface
VizWiz_train_00000109.jpg,a chess table with holes in each piece spot on a white table
VizWiz_train_00000109.jpg,The game of chess appears to have already begun as some of the pieces are already missing off of the board.
VizWiz_train_00000109.jpg,A chess board has black and brown pieces.
VizWiz_train_00000110.jpg,Quality issues are too severe to recognize visual content.
VizWiz_train_00000110.jpg,"A blank screen has a gray border and a glare on the screen,"
VizWiz_train_00000110.jpg,A look through a window shows dim city lights from outside.
VizWiz_train_00000110.jpg,A night scene with traffic seen outside a window.
VizWiz_train_00000110.jpg,Quality issues are too severe to recognize visual content.
VizWiz_train_00000111.jpg,A half drank bottle of Modelo Especial 1925.
VizWiz_train_00000111.jpg,A small bottle of Cerveza Modelo that is orange in coloring with a pool and a girl in it in the background
VizWiz_train_00000111.jpg,A bottle of alcohol being held by a pool with a woman in the background.
VizWiz_train_00000111.jpg,Cerveza Modelo 12 fluid ounce bottle of alcoholic beverage
VizWiz_train_00000111.jpg,A bottle of Modelo Especial beer which is less than half full is held in the left hand.
VizWiz_train_00000112.jpg,Heinz tomato ketchup bottle on a table cloth
VizWiz_train_00000112.jpg,a bottle of Heinz tomato ketchup on top of a checkered tablecloth
VizWiz_train_00000112.jpg,A bottle of tomato ketchup is laying down on a red and white checked tablecloth.
VizWiz_train_00000112.jpg,A 14 ounce bottle of Heinz Tomato Ketchup laying on a red checkered tablecloth.
VizWiz_train_00000112.jpg,A bottle of Heinz tomato ketchup lays on a red checkerboard picnic style table cloth.
VizWiz_train_00000113.jpg,"Desk with a white 'PIxar' style lamp, black desk phone, computer and pamphlets"
VizWiz_train_00000113.jpg,A telephone is placed directly under the light bulb of a lamp near a monitor which is placed on a table
VizWiz_train_00000113.jpg,"A desk with a white, adjustable desk lamp and a black landline phone with a stack of various pamphlets behind it."
VizWiz_train_00000113.jpg,BLACK PHONE AND WHITE LAMP PLACED ON A DESK
VizWiz_train_00000113.jpg,"A desk with a computer, lamp, phone and brochures on it."
VizWiz_train_00000114.jpg,"A small container of grounded coffee, the text shows the type of coffee is house blend."
VizWiz_train_00000114.jpg,Looking down at the top of a coffee maker K cup which reads Van Houtte House Blend.
VizWiz_train_00000114.jpg,A top down shot of a k cup sitting on a countertop.
VizWiz_train_00000114.jpg,A k-cup package of Van Houtte House Blend coffee.
VizWiz_train_00000114.jpg,"A small plastic cup with thin metal lid, flavor of what inside is house blend."
VizWiz_train_00000115.jpg,Quality issues are too severe to recognize visual content.
VizWiz_train_00000115.jpg,A carton of eggs sits on a dark brown table with newspaper sitting above it.
VizWiz_train_00000115.jpg,A box of unsalted butter with some receipts next to it sitting on a counter top.
VizWiz_train_00000115.jpg,A blue package of unsalted butter that has a picture of a cow on it.
VizWiz_train_00000115.jpg,A box of unsalted butter is on the table with a photo of a cow on the cover.
VizWiz_train_00000116.jpg,a pink zip up sweater hanging on a hanger
VizWiz_train_00000116.jpg,"A pink, white, and green patterned sweater with a zipper."
VizWiz_train_00000116.jpg,Long sleeve knitted sweater jacket with a floral pattern.
VizWiz_train_00000116.jpg,"A white, green, and pink, women's sweater on a hanger."
VizWiz_train_00000116.jpg,A red and pink sweater with a zipper front and flowery logos across going horizontally
VizWiz_train_00000117.jpg,A United States postal service box that is blue
VizWiz_train_00000117.jpg,a blue United States Postal Service mailbox in front of brick siding
VizWiz_train_00000117.jpg,Blue metal United States postal service mail box attached to a cement block with a short brick wall behind it.
VizWiz_train_00000117.jpg,A blue mail drop box with a USPS logo on it.
VizWiz_train_00000117.jpg,blue United States postal service mail box bolted to cement.
VizWiz_train_00000118.jpg,Quality issues are too severe to recognize visual content.
VizWiz_train_00000118.jpg,Quality issues are too severe to recognize visual content.
VizWiz_train_00000118.jpg,Front package of product called Concepto that is still closed.
VizWiz_train_00000118.jpg,Quality issues are too severe to recognize visual content.
VizWiz_train_00000118.jpg,A package of Conceptrol pregnancy prevention for women.
VizWiz_train_00000119.jpg,A sound system and TV is set up on black shelves.
VizWiz_train_00000119.jpg,"A living room, the image is angling down towards a chair but shows an entertainment center with a TV and cd player."
VizWiz_train_00000119.jpg,An AM/FM stereo system with speakers and partial view of a television set.
VizWiz_train_00000119.jpg,A TV and a stereo on a black stand.
VizWiz_train_00000119.jpg,"A partial shot of a television, entertainment system with speakers, and a couch in the foreground."
VizWiz_train_00000120.jpg,"A bottle of 19 year old Single Malt Scotch, held in a person's hand in a kitchen."
VizWiz_train_00000120.jpg,Quality issues are too severe to recognize visual content.
VizWiz_train_00000120.jpg,One bottle of Hogshead aged single malt whiskey.
VizWiz_train_00000120.jpg,A person is holding up a bottle of alcohol.
VizWiz_train_00000120.jpg,A hand is holding up a bottle of single malt Scotch that looks to be aged nineteen years.
VizWiz_train_00000121.jpg,A barcode that is blocked by a person's finger.
VizWiz_train_00000121.jpg,"A barcode and a ""quality guarantee"" for a product."
VizWiz_train_00000121.jpg,A code for a quality guarantee is shown from a company
VizWiz_train_00000121.jpg,"A Item with a barcode on it, maybe a can with a green logo and ""quality guarantee"" on it."
VizWiz_train_00000121.jpg,Quality issues are too severe to recognize visual content.
VizWiz_train_00000122.jpg,"a white, gray, and blue pinstriped dress shirt"
VizWiz_train_00000122.jpg,A white button up shirt with red and blue stripes.
VizWiz_train_00000122.jpg,A white shirt with brown and grey stripes on it.
VizWiz_train_00000122.jpg,Striped fabric lays on the ground and is slightly creased
VizWiz_train_00000122.jpg,A blue and red striped fabric with the base color white.
VizWiz_train_00000123.jpg,Black cables on top of a speckled surface.
VizWiz_train_00000123.jpg,A black wire that is wrapped around another black wire
VizWiz_train_00000123.jpg,Quality issues are too severe to recognize visual content.
VizWiz_train_00000123.jpg,Quality issues are too severe to recognize visual content.
VizWiz_train_00000123.jpg,a black wire is rolled on a carpeted floor
VizWiz_train_00000124.jpg,A white plastic shampoo bottle with letters on it
VizWiz_train_00000124.jpg,A partial bottle of shampoo that is for all types of hair.
VizWiz_train_00000124.jpg,A bottle of Pantene Pro-V classic for all hair types.
VizWiz_train_00000124.jpg,A bottle of  shampoo is on top of the table.
VizWiz_train_00000124.jpg,a pantene shampoo bottle that is white and blue
VizWiz_train_00000125.jpg,A close up of a label on vanilla almond milk.
VizWiz_train_00000125.jpg,A photo of a box of organic almond milk vanilla that has writing on it.
VizWiz_train_00000125.jpg,A label of Almond milk vanilla flavor is showing.
VizWiz_train_00000125.jpg,Quality issues are too severe to recognize visual content.
VizWiz_train_00000125.jpg,A carton of vanilla almond milk with information on it.
VizWiz_train_00000126.jpg,Quality issues are too severe to recognize visual content.
VizWiz_train_00000126.jpg,Quality issues are too severe to recognize visual content.
VizWiz_train_00000126.jpg,Finger covers camera lens so that the photo is not visible.
VizWiz_train_00000126.jpg,Quality issues are too severe to recognize visual content.
VizWiz_train_00000126.jpg,A orange on a gray cloth with the photographer blocking half the camera
VizWiz_train_00000127.jpg,Quality issues are too severe to recognize visual content.
VizWiz_train_00000127.jpg,Quality issues are too severe to recognize visual content.
VizWiz_train_00000127.jpg,Quality issues are too severe to recognize visual content.
VizWiz_train_00000127.jpg,Quality issues are too severe to recognize visual content.
VizWiz_train_00000127.jpg,The screen is filled with something red with a small crease at the bottom making it look like it might be cloth.
VizWiz_train_00000128.jpg,"Close up of white and grey computer keyboard showing both letters, numbers, and Chinese characters."
VizWiz_train_00000128.jpg,A white keyboard with black letters and a touchpad.
VizWiz_train_00000128.jpg,A close up image of a computer's keyboard keys
VizWiz_train_00000128.jpg,"Center of keyboard with white buttons, a partially visible trackpad and chrome colored border."
VizWiz_train_00000128.jpg,A keyboard is attached to a laptop computer.
VizWiz_train_00000129.jpg,A blue shirt with an elephant applique and a grey shirt with an elephant applique.
VizWiz_train_00000129.jpg,A grey collared polo shirt and a blue collard polo shirt.
VizWiz_train_00000129.jpg,Two stacks of folded shirts with an elephant logo on the right breast.
VizWiz_train_00000129.jpg,A grey shirt and a blue shirt laying side by side.
VizWiz_train_00000129.jpg,"Three shirts of various colors including gray, blue, and green."
VizWiz_train_00000130.jpg,a black TV mounted on a wall area
VizWiz_train_00000130.jpg,A flat screen TV on a white well with a bed below
VizWiz_train_00000130.jpg,A flat TV screen hangs on the wall.
VizWiz_train_00000130.jpg,Small black TV mounted on wall near a bed.
VizWiz_train_00000130.jpg,A black TV mounted on a cream colored wall
VizWiz_train_00000131.jpg,An indistinguishable white bag of food or potatoes stands on a wooden surface next to a paneled wall.
VizWiz_train_00000131.jpg,A person is holding a beverage in a white and red aluminum can.
VizWiz_train_00000131.jpg,Quality issues are too severe to recognize visual content.
VizWiz_train_00000131.jpg,A canister shaped object is near a wood wall.
VizWiz_train_00000131.jpg,some type of liquid that is in a container
VizWiz_train_00000132.jpg,a black digital device on a wood table top
VizWiz_train_00000132.jpg,An MP3 music player device is plugged into an audio jack.
VizWiz_train_00000132.jpg,Olympus brand blue electronic device with a LCD display and button pad.
VizWiz_train_00000132.jpg,small remote with electrical cord attached to it on left side
VizWiz_train_00000132.jpg,The gadget on the table looks like it could be some kind of meter.
VizWiz_train_00000133.jpg,The cover of the book A Tale of Two Cities
VizWiz_train_00000133.jpg,Quality issues are too severe to recognize visual content.
VizWiz_train_00000133.jpg,Charles Dickens' A Tale of Two Cities is resting on a table.
VizWiz_train_00000133.jpg,the front of a blue book titled A Tale of Two Cities
VizWiz_train_00000133.jpg,The cover of a copy of A Tale of Two Cities with a price tag on the bottom.
VizWiz_train_00000134.jpg,appears to be a picture of domino sugar
VizWiz_train_00000134.jpg,A container of domino sugar sitting on a counter.
VizWiz_train_00000134.jpg,A yellow bottle of sugar on a counter top with other bottles.
VizWiz_train_00000134.jpg,Pictured is a container of domino sugar displaying its nutritional label on a counter top.
VizWiz_train_00000134.jpg,"A domino sugar that is turned around showing the back label, sitting on a table with some vitamins in the background."
VizWiz_train_00000135.jpg,Quality issues are too severe to recognize visual content.
VizWiz_train_00000135.jpg,A plastic bag contains a mystery item on the desk.
VizWiz_train_00000135.jpg,A couple of electronic products sitting atop a wooden surface.
VizWiz_train_00000135.jpg,The wooden object is propped against a shelf and has a center cut out.
VizWiz_train_00000135.jpg,A person is sitting near a table with a plastic bag on it.
VizWiz_train_00000136.jpg,A can of great value of golden sweet whole kernel corn is on a wooden table.
VizWiz_train_00000136.jpg,"A very wonderful view and worth seeing at all times, my friend"
VizWiz_train_00000136.jpg,A white can of corn with blue text is sitting on a hard surface with the contents of a dark room in the background
VizWiz_train_00000136.jpg,A can of Great Value Golden Sweet Whole Kernel corn with a white label and an image of the product.
VizWiz_train_00000136.jpg,WHITE CAN OF FOOD PLACE ON A SMALL TABLE
VizWiz_train_00000137.jpg,A man sitting on a large black leather couch
VizWiz_train_00000137.jpg,a blue leather recliner with the side of someone in front of it
VizWiz_train_00000137.jpg,A big soft black leather recliner in a living room next to someone wearing a red shirt.
VizWiz_train_00000137.jpg,Corner area of black leather sofa with armrest.
VizWiz_train_00000137.jpg,Dark colored leather sofa with a dining table and chairs in the background.
VizWiz_train_00000138.jpg,A red can of Pepsi that says wild on it.
VizWiz_train_00000138.jpg,Part of a can of wild cherry Pepsi.
VizWiz_train_00000138.jpg,"Blue and white can of wild cherry Pepsi with red, white, and blue striped circle logo, and nutritional facts"
VizWiz_train_00000138.jpg,some type of liquid that is in a container
VizWiz_train_00000138.jpg,The side of a can of wild cherry Pepsi.
VizWiz_train_00000139.jpg,"A food product package, with product information as text, sits in a person's hand."
VizWiz_train_00000139.jpg,A small container of Italian herbs being held.
VizWiz_train_00000139.jpg,A human hand holding a bottle of some sort of herb or spice
VizWiz_train_00000139.jpg,A hand holding a container of seasoning with a label on it.
VizWiz_train_00000139.jpg,A jar of Italian herbs in a someone's hand with a picture on it
VizWiz_train_00000140.jpg,The front side of a cardboard cereal box
VizWiz_train_00000140.jpg,Quality issues are too severe to recognize visual content.
VizWiz_train_00000140.jpg,A box of fruit loops breakfast cereal with fruit flavors .
VizWiz_train_00000140.jpg,A red background with a black object on the left side
VizWiz_train_00000140.jpg,Front of a box of fruit loops breakfast cereal
VizWiz_train_00000141.jpg,Quality issues are too severe to recognize visual content.
VizWiz_train_00000141.jpg,IMAGE WAS UNCLEAR BUT IT IS NOT ITEM
VizWiz_train_00000141.jpg,Appears to be a couch or chair with flower print which is covered in plastic and a grey object that is indiscernible.
VizWiz_train_00000141.jpg,Quality issues are too severe to recognize visual content.
VizWiz_train_00000141.jpg,A flowered item with a plastic item sitting on top of it.
VizWiz_train_00000142.jpg,A bottle of vitamins laying on white sheets next to an arm.
VizWiz_train_00000142.jpg,A bottle with a green cap and leaves printed on the label.
VizWiz_train_00000142.jpg,The medicinal uses of the product is described in this image.
VizWiz_train_00000142.jpg,a natural supplement bottle of goldenseal turned on it's side
VizWiz_train_00000142.jpg,"A bottle is resting on a soft pillow-like object, and the bottle has the letters ""denseal"" on it."
VizWiz_train_00000143.jpg,a box of Earl Grey tea in a person's hand
VizWiz_train_00000143.jpg,the front of a box of Earl Grey tea that has been smashed a little
VizWiz_train_00000143.jpg,A hand holding a box of Earl Grey tea with an electrical appliance in the background.
VizWiz_train_00000143.jpg,A hand holding a torn box of Bigelow Earl Grey tea in a kitchen.
VizWiz_train_00000143.jpg,A smashed box of earl grey tea bags.
VizWiz_train_00000144.jpg,a large plastic container of Mildeen bath salts
VizWiz_train_00000144.jpg,A bottle of Mildeen Body Care bath salts with a Marine scent.
VizWiz_train_00000144.jpg,a bottle of blue bath salts made by Mildeen that are marine scented
VizWiz_train_00000144.jpg,"A jar of blue bath salts with a label from ""Mildeen: Body Care"""
VizWiz_train_00000144.jpg,A clear bottle has some blue pellets in it.
VizWiz_train_00000145.jpg,a plastic container of some kind of food supplement
VizWiz_train_00000145.jpg,a bottle of folic acid pills on a wood grain table
VizWiz_train_00000145.jpg,A white bottle of vitamins with Folic  and 800 as well as a bar code
VizWiz_train_00000145.jpg,A white bottle with an orange label with black text written on it and the bottle is laying on its side.
VizWiz_train_00000145.jpg,A bottle of medicine laying on a wooden table
VizWiz_train_00000146.jpg,The inside of a fridge that is full of cans and bottles of drinks.
VizWiz_train_00000146.jpg,a drink which is stored in bottle and in tin container
VizWiz_train_00000146.jpg,A fridge is opened and shows all of the alcoholic beverages and a jar of olives on the shelf.
VizWiz_train_00000146.jpg,Beer cans and bottles along with food are in the fridge
VizWiz_train_00000146.jpg,"an opened fridge filled with beer, olives and other drinks"
VizWiz_train_00000147.jpg,someone wearing a white shirt with hair all over it
VizWiz_train_00000147.jpg,"A person with a white shirt on, very close up, can only see part of arm."
VizWiz_train_00000147.jpg,Quality issues are too severe to recognize visual content.
VizWiz_train_00000147.jpg,A man wearing a white t-shirt with a gold lining around the sleeve.
VizWiz_train_00000147.jpg,Quality issues are too severe to recognize visual content.
VizWiz_train_00000148.jpg,A clock showing the time as being 2:03 is pictured in front of a kleenex box and a remote control.
VizWiz_train_00000148.jpg,A digital clock is sitting on a table with a phone sitting right behind it.
VizWiz_train_00000148.jpg,A white alarm clock showing it is 2:03 pm
VizWiz_train_00000148.jpg,"A clock reading ""2:03"" is sitting in front of a cordless telephone."
VizWiz_train_00000148.jpg,A Timex digital clock that reads 2:03 pm.
VizWiz_train_00000149.jpg,double A battery inside of a small wrench socket.
VizWiz_train_00000149.jpg,Beautiful view from behind the walls hidden under dark mist
VizWiz_train_00000149.jpg,A battery is on top of the table.
VizWiz_train_00000149.jpg,AA battery that is placed inside a metal holder
VizWiz_train_00000149.jpg,Battery in a ratchet attachment on a surface.
VizWiz_train_00000150.jpg,A piece of a blue and white clothing with letters A & R embossed on it.
VizWiz_train_00000150.jpg,Quality issues are too severe to recognize visual content.
VizWiz_train_00000150.jpg,Quality issues are too severe to recognize visual content.
VizWiz_train_00000150.jpg,Pictured is what appears to be a woman posing in a dress.
VizWiz_train_00000150.jpg,Quality issues are too severe to recognize visual content.
VizWiz_train_00000151.jpg,a k cup of extra bold Sumatran reserve coffee
VizWiz_train_00000151.jpg,seems to be an image of a k-cup of coffee
VizWiz_train_00000151.jpg,Green Mountain Coffee K-cup placed on granite table.
VizWiz_train_00000151.jpg,I see one k-cup on a marbled countertop.
VizWiz_train_00000151.jpg,a caplet of extra bold Green Mountain Sumatran reserve coffee
VizWiz_train_00000152.jpg,A bottle of 100% Drug Free Sleep Aid Melatonin
VizWiz_train_00000152.jpg,a bottle of melatonin sleep supplement from Nature's Bounty
VizWiz_train_00000152.jpg,A plastic pill bottle for sleep is on a table.
VizWiz_train_00000152.jpg,A bottle of melatonin is laying on its side.
VizWiz_train_00000152.jpg,A bottle of melatonin pills on a table.
VizWiz_train_00000153.jpg,A red can of something inside a fridge
VizWiz_train_00000153.jpg,A red canned beverage sitting on a counter
VizWiz_train_00000153.jpg,A red can of coca cola placed on top of a white surface area.
VizWiz_train_00000153.jpg,A red can of  soda is inside of the fridge.
VizWiz_train_00000153.jpg,I see a drink in a can on a ceramic surface.
VizWiz_train_00000154.jpg,A person has lotion with a ornament on it with a green background
VizWiz_train_00000154.jpg,Someone legs are next to a substance wrapped in green  material and some red substance placed on top.
VizWiz_train_00000154.jpg,A green bag is sitting next to a person's legs
VizWiz_train_00000154.jpg,An image of someone's leg wearing black pants and a bag with Christmas decorations printed on it.
VizWiz_train_00000154.jpg,"Someone's lap, they're wearing jeans and there looks like there is a present next to them."
VizWiz_train_00000155.jpg,Quality issues are too severe to recognize visual content.
VizWiz_train_00000155.jpg,Quality issues are too severe to recognize visual content.
VizWiz_train_00000155.jpg,Quality issues are too severe to recognize visual content.
VizWiz_train_00000155.jpg,Quality issues are too severe to recognize visual content.
VizWiz_train_00000155.jpg,Quality issues are too severe to recognize visual content.
VizWiz_train_00000156.jpg,An open package of Anti-diarrheal medication sitting on a counter top.
VizWiz_train_00000156.jpg,A box of over the counter anti-diarrheal medication from Kroger
VizWiz_train_00000156.jpg,a small package of Kroger anti-diarrheal medication tablets.
VizWiz_train_00000156.jpg,a paper pack of Anti Diarrheal to control the symptoms of Diarrhea
VizWiz_train_00000156.jpg,Kroger brand anti diarrheal medicine on a counter top.
VizWiz_train_00000157.jpg,A person's hand holding a coin between their index finger and thumb.
VizWiz_train_00000157.jpg,Beautiful view from behind the walls hidden under dark mist
VizWiz_train_00000157.jpg,A person holding a foreign coin of currency.
VizWiz_train_00000157.jpg,A person holds a round coin in between their thumb and forefinger.
VizWiz_train_00000157.jpg,"Someone holding a silver coin, doesn't look American, has some writing in the middle."
VizWiz_train_00000158.jpg,A green bottle of medicine with a green plant on the label.
VizWiz_train_00000158.jpg,A green bottle of nutritional supplements with a green label
VizWiz_train_00000158.jpg,A bottle of Puritan's Pride product with a green label
VizWiz_train_00000158.jpg,some type of liquid that is in a container
VizWiz_train_00000158.jpg,"A can or bottle of something, says Puritan's Pride across the top."
VizWiz_train_00000159.jpg,A green color juice box is on the floor in closed condition
VizWiz_train_00000159.jpg,a container of minute maid gushin green apple juice
VizWiz_train_00000159.jpg,A half gallon green container of green apple juice on a wood cutting board.
VizWiz_train_00000159.jpg,In this image is a carton of green apple juice
